ReportSiteInfo,WT,HET,HOM,rsID
rs1135840:c.1457G>C,G/G,G/C,C/C,rs1135840
rs35742686:c.775delA,A/A,A/delA,delA/delA,rs35742686
rs3892097:c.506-1G>A,G/G,G/A,A/A,rs3892097
rs5030655:c.454delT,T/T,T/delT,delT/delT,rs5030655
rs5030867:c.971A>C,A/A,A/C,C/C,rs5030867
rs5030865:c.505G>T,G/G,G/T,T/T,rs5030865
rs5030656:c.841_843delAAG,AAG/AAG,AAG/delAAG,delAAG/delAAG,rs5030656
rs1065852:c.100C>T,C/C,C/T,T/T,rs1065852
rs201377835:g.5901G>C,G/G,G/C,C/C,rs201377835
rs5030862:c.124G>A,G/G,G/A,A/A,rs5030862
rs5030865:c.505G>A,G/G,G/A,A/A,rs5030865
rs774671100:c.137dupT,T/T,T/TT,TT/TT,rs774671100
rs28371706:c.320C>T,C/C,C/T,T/T,rs28371706
rs72549352:c.805dupC,C/C,C/dupC,dupC/dupC,rs72549352
rs59421388:c.1012G>A,G/G,G/A,A/A,rs59421388
rs267608319:c.1319G>A,G/G,G/A,A/A,rs267608319
rs72549356:c.514_522 TTTCGCCCC[3],TTTCGCCCC/TTTCGCCCC,TTTCGCCCC/TTTCGCCCC[3],TTTCGCCCC[3]/TTTCGCCCC[3],rs72549356
rs28371725:c.985+39G>A,G/G,G/A,A/A,rs28371725
rs72549346:c.1088_1089dupGT,GT/GT,GT/dupGT,dupGT/dupGT,rs72549346
rs1135822:c.358T>A,T/T,T/A,A/A,rs1135822
rs72549347:c.1030C>T,C/C,C/T,T/T,rs72549347
rs79292917:c.975G>A,G/G,G/A,A/A,rs79292917
